{"cameraMode":{"drawMode":0,"name":"Shaded","section":"Shading Mode"},"sceneLighting":false,"audioPlay":false,"sceneViewState":{"m_AlwaysRefresh":false,"showFog":true,"showSkybox":true,"showFlares":true,"showImageEffects":true,"showParticleSystems":true,"showVisualEffectGraphs":true,"m_FxEnabled":true},"in2DMode":false,"pivot":{"x":22.582700729370118,"y":19.886749267578126,"z":19.298561096191408},"rotation":{"x":0.028383009135723115,"y":0.9523735046386719,"z":-0.2885352671146393,"w":0.09379599243402481},"size":2.1825931072235109,"orthographic":false}