{"cameraMode":{"drawMode":0,"name":"Shaded","section":"Shading Mode"},"sceneLighting":false,"audioPlay":false,"sceneViewState":{"m_AlwaysRefresh":false,"showFog":true,"showSkybox":true,"showFlares":true,"showImageEffects":true,"showParticleSystems":true,"showVisualEffectGraphs":true,"m_FxEnabled":true},"in2DMode":false,"pivot":{"x":7.232936859130859,"y":2.3187732696533205,"z":12.919028282165528},"rotation":{"x":-0.36534231901168826,"y":-0.07101776450872421,"z":0.02799556963145733,"w":-0.9276856780052185},"size":12.148087501525879,"orthographic":false}