{"cameraMode":{"drawMode":0,"name":"Shaded","section":"Shading Mode"},"sceneLighting":false,"audioPlay":false,"sceneViewState":{"m_AlwaysRefresh":false,"showFog":true,"showSkybox":true,"showFlares":true,"showImageEffects":true,"showParticleSystems":true,"showVisualEffectGraphs":true,"m_FxEnabled":true},"in2DMode":false,"pivot":{"x":27.359758377075197,"y":10.292767524719239,"z":-12.457160949707032},"rotation":{"x":0.2127200961112976,"y":-0.05164232477545738,"z":0.011160585097968579,"w":0.9756177663803101},"size":2.1825931072235109,"orthographic":false}