{"cameraMode":{"drawMode":0,"name":"Shaded","section":"Shading Mode"},"sceneLighting":false,"audioPlay":false,"sceneViewState":{"m_AlwaysRefresh":false,"showFog":true,"showSkybox":false,"showFlares":true,"showImageEffects":true,"showParticleSystems":true,"showVisualEffectGraphs":true,"m_FxEnabled":true},"in2DMode":false,"pivot":{"x":6.551889419555664,"y":-13.368261337280274,"z":-0.37294960021972659},"rotation":{"x":-0.04017037898302078,"y":0.5084764361381531,"z":-0.023723317310214044,"w":-0.8597524762153626},"size":9.645919799804688,"orthographic":false}